{"loss": [1.358464002609253, 0.43959149718284607, 0.2694627642631531, 0.17953115701675415, 0.14031726121902466, 0.10655929893255234, 0.08924677968025208, 0.07164415717124939, 0.06714601814746857, 0.055141083896160126], "accuracy": [0.6010669469833374, 0.8609004616737366, 0.9140479564666748, 0.941148042678833, 0.9545771479606628, 0.965772807598114, 0.9711074829101562, 0.9764421582221985, 0.9782772660255432, 0.9821608662605286], "val_loss": [0.621772050857544, 0.24815715849399567, 0.20615917444229126, 0.19482463598251343, 0.17036502063274384, 0.11308781057596207, 0.09997448325157166, 0.1374412477016449, 0.11010275036096573, 0.13177624344825745], "val_accuracy": [0.8046892881393433, 0.9198155999183655, 0.9330184459686279, 0.9400182366371155, 0.9454814195632935, 0.9642613530158997, 0.9681311249732971, 0.959822416305542, 0.9685863852500916, 0.9605053663253784]}